Train\example\male\men\1.jpg;0
Train\example\male\men\10.jpg;0
Train\example\male\men\11.jpg;0
Train\example\male\men\12.jpg;0
Train\example\male\men\13.jpg;0
Train\example\male\men\14.jpg;0
Train\example\male\men\15.jpg;0
Train\example\male\men\16.jpg;0
Train\example\male\men\17.jpg;0
Train\example\male\men\18.jpg;0
Train\example\male\men\19.jpg;0
Train\example\male\men\2.jpg;0
Train\example\male\men\20.jpg;0
Train\example\male\men\21.jpg;0
Train\example\male\men\22.jpg;0
Train\example\male\men\23.jpg;0
Train\example\male\men\24.jpg;0
Train\example\male\men\25.jpg;0
Train\example\male\men\26.jpg;0
Train\example\male\men\28.jpg;0
Train\example\male\men\29.jpg;0
Train\example\male\men\3.jpg;0
Train\example\male\men\30.jpg;0
Train\example\male\men\31.jpg;0
Train\example\male\men\32.jpg;0
Train\example\male\men\33.jpg;0
Train\example\male\men\34.jpg;0
Train\example\male\men\35.jpg;0
Train\example\male\men\37.jpg;0
Train\example\male\men\38.jpg;0
Train\example\male\men\39.jpg;0
Train\example\male\men\4.jpg;0
Train\example\male\men\40.jpg;0
Train\example\male\men\41.jpg;0
Train\example\male\men\42.jpg;0
Train\example\male\men\43.jpg;0
Train\example\male\men\44.jpg;0
Train\example\male\men\45.jpg;0
Train\example\male\men\46.jpg;0
Train\example\male\men\49.jpg;0
Train\example\male\men\5.jpg;0
Train\example\male\men\50.jpg;0
Train\example\male\men\52.jpg;0
Train\example\male\men\53.jpg;0
Train\example\male\men\54.jpg;0
Train\example\male\men\55.jpg;0
Train\example\male\men\56.jpg;0
Train\example\male\men\58.jpg;0
Train\example\male\men\59.jpg;0
Train\example\male\men\6.jpg;0
Train\example\male\men\62.jpg;0
Train\example\male\men\63.jpg;0
Train\example\male\men\66.jpg;0
Train\example\male\men\67.jpg;0
Train\example\male\men\68.jpg;0
Train\example\male\men\69.jpg;0
Train\example\male\men\7.jpg;0
Train\example\male\men\70.jpg;0
Train\example\male\men\71.jpg;0
Train\example\male\men\72.jpg;0
Train\example\male\men\73.jpg;0
Train\example\male\men\8.jpg;0
Train\example\sfemale\women\073.jpg;1
Train\example\sfemale\women\074.jpg;1
Train\example\sfemale\women\075.jpg;1
Train\example\sfemale\women\076.jpg;1
Train\example\sfemale\women\077.jpg;1
Train\example\sfemale\women\078.jpg;1
Train\example\sfemale\women\079.jpg;1
Train\example\sfemale\women\080.jpg;1
Train\example\sfemale\women\081.jpg;1
Train\example\sfemale\women\082.jpg;1
Train\example\sfemale\women\083.jpg;1
Train\example\sfemale\women\084.jpg;1
Train\example\sfemale\women\085.jpg;1
Train\example\sfemale\women\086.jpg;1
Train\example\sfemale\women\087.jpg;1
Train\example\sfemale\women\088.jpg;1
Train\example\sfemale\women\089.jpg;1
Train\example\sfemale\women\090.jpg;1
Train\example\sfemale\women\091.jpg;1
Train\example\sfemale\women\092.jpg;1
Train\example\sfemale\women\093.jpg;1
Train\example\sfemale\women\094.jpg;1
Train\example\sfemale\women\095.jpg;1
Train\example\sfemale\women\096.jpg;1
Train\example\sfemale\women\097.jpg;1
Train\example\sfemale\women\098.jpg;1
Train\example\sfemale\women\099.jpg;1
Train\example\sfemale\women\100.jpg;1
Train\example\sfemale\women\101.jpg;1
Train\example\sfemale\women\102.jpg;1
Train\example\sfemale\women\103.jpg;1
Train\example\sfemale\women\104.jpg;1
Train\example\sfemale\women\105.jpg;1
Train\example\sfemale\women\106.jpg;1
Train\example\sfemale\women\107.jpg;1
Train\example\sfemale\women\108.jpg;1
Train\example\sfemale\women\109.jpg;1
Train\example\sfemale\women\110.jpg;1
Train\example\sfemale\women\111.jpg;1
Train\example\sfemale\women\112.jpg;1
Train\example\sfemale\women\113.jpg;1
Train\example\sfemale\women\114.jpg;1
Train\example\sfemale\women\115.jpg;1
Train\example\sfemale\women\116.jpg;1
Train\example\sfemale\women\117.jpg;1
Train\example\sfemale\women\118.jpg;1
Train\example\sfemale\women\119.jpg;1
Train\example\sfemale\women\120.jpg;1
Train\example\sfemale\women\121.jpg;1
Train\example\sfemale\women\122.jpg;1
Train\example\sfemale\women\123.jpg;1
Train\example\sfemale\women\124.jpg;1
Train\example\sfemale\women\125.jpg;1
Train\example\sfemale\women\126.jpg;1
Train\example\sfemale\women\127.jpg;1
Train\example\sfemale\women\128.jpg;1
Train\example\sfemale\women\129.jpg;1
Train\example\sfemale\women\130.jpg;1
Train\example\sfemale\women\131.jpg;1
Train\example\sfemale\women\132.jpg;1
Train\example\sfemale\women\133.jpg;1
Train\example\sfemale\women\134.jpg;1